bhlajers,glficqkx,zvokjomn,wlwbmfmp,sgiootty,3004
ivfistud,hrvfcrgq,uhonnwbe,vcqjnnov,krisybpd,3007
lwhgdwtt,wzmtdccq,tlwddhxd,mjqvuoda,bvotsnin,3007
qhcjvaoa,lfsxokvj,ylrzhgub,cqopgwtr,vfvdsaxs,3005
nyhnlyou,ixenosew,zojuvezq,yiwfvwok,pycxizbx,3009
bmmcayzx,ynlxvjes,vcpkathl,jikhmwto,tpvaolln,3004
tbcoftag,ithtbran,venptipj,cyczsdei,xjqmtjtm,3007
oabjgoaa,rjsuiwvc,bmlzveno,iccuqfxc,ncnluzfq,3003
nlepzqqx,fnlnqoji,gkivnwij,obgtqtyf,qxpmcdxp,3005
adkiotdd,moocruvh,vphnozzr,zizolczt,uxxllnzp,3006
mokidtvr,xkwyvxmi,nbuhasul,vcmspaex,yuysrlrp,3008
eoqtrlds,xfkviwnz,sydssckm,ddvshlib,tewydcly,3000
oligjnad,kpcqtxic,sfnojjop,znblbotj,gjdywucm,3003
wsmoxzcj,raasnedr,ycshoxhk,jyjlubyk,znlkglna,3005
gujgydpm,wwwiwftq,rbkrqwdy,qymjggvn,yetbbqzl,3002
efoyiyry,uwinwuwd,rskswdvz,ukkaprqp,qgxncvxp,3009
owwhoibl,wklsvxum,mbpdjosl,pdditzha,rebfcltx,3006
twhgxyji,buyqxbas,hutzyugb,zyssrozx,xiwmjqlz,3001
ajtjeoic,rdsqdkix,jwojflxo,iqvzseud,joltfqlv,3006
gtyrrmaw,yndifajz,ecnnqaiv,wtotzjtq,gtxftkkb,3007
nqprtegj,qhymangb,btzhmxpf,bjbmytdr,jzyppfpc,3005
kkdldcvq,kxlniozg,exwpwweo,wqkacufn,ikrluryk,3009
jiwqhufg,mutimfko,qdaaoslk,kukyguww,sdiipedz,3000
mgjclmez,rkpdgbem,akytoidd,hfgprmbv,nzztslkw,3003
aghcqhxg,bmfirnzi,cdzreamw,wuekwmtz,bwluzxah,3008
jyrlbqfh,rgfqclaz,tadwyqry,theiqdze,rjolawqq,3004
sxcmzhky,bwnwduhw,iafalvnn,egsiyrmm,txpsangx,3006
gozoqgod,ervixpsx,ekyxhpph,xgwzmlad,hrhlvaif,3007
xufdefan,sxyrfuts,tvncoupm,yttytpfw,kzjgtiek,3004
fiibdvdt,vhnvditw,ystktfqm,wzdwglgh,dlmwitjd,3008
wurwpmii,yxjwymue,bmqezebh,mmwgktxg,lqsforom,3003
gwchkvoj,rszdeylo,iwbwmvbc,rogtucye,vuxulrwq,3001
clnmhqiv,lxacnhyk,woarkxnv,lnmfryug,kofyceae,3000
cevauxte,hzlsoyag,umhhcmhe,hjlrnroo,lhphqqvj,3006
lkthycob,vfkfqxye,mszzbqis,ddkyoxtv,wmynhezo,3000
mcmaunzy,kqjntvoh,heqfqoua,totrbvfd,sdqvpgee,3003
skucokjh,ejvzzqta,yeerjuoa,tedvzppd,cmmdsvau,3003
nxdndjgo,vqfqvklw,czeeltjg,mandpnic,rljwizdy,3006
lsonruuf,dlgpntuc,egzvrktz,wzglkyby,wsxlxkrn,3001
hbvmhwjb,fcqdcwrm,smoqglee,xtukcvgq,ccgjhibk,3004
bbvwnkow,savqvrcx,kounqcyz,bjxanyvj,fxjfslak,3008
meixuemm,kltnwsnj,iufqurxm,xwlskrbh,htzofkhu,3004
hsrsmyii,hwugufyf,bojjkkzp,gmchtual,yvrocoki,3004
jpnkeyto,ufeatgjn,jamiwdya,ilezuvoe,marwuzax,3002
gfjsgxae,agwkrcjl,zsbnutjo,lnmtwufo,cqidqocc,3002
ntgmnizh,kwxvlloh,tvlwntbf,fhsmulsi,chgfteeo,3006
fzbaxnwk,aqqhzitw,oexqodyh,ewcybdab,naptcfmj,3008
fcsthplx,jefqcjof,ojrdjgzn,lyvhdyay,pkekvkrl,3009
csrsbiwm,vbfiaapf,pehhonrj,jxnlzfcr,mpxekzjs,3009
kgkzkugy,akhjjwui,zbnnrmsd,bymnityj,sqgbsslb,3003
xllymamf,ejafhptp,typnqvqi,blqllbwj,zvvmbgoj,3003
eenxfdkx,ciqetipg,nsamnxar,patseaid,lpenrmfx,3008
oqaciaqy,tpfirzcv,kaixpolg,sengsdgw,ipmkibpq,3004
urrfrbcg,poviuiqp,zlzhcnrk,jckzxbtc,ugamwphg,3001
wadxoefq,ydijftje,cipyprln,utukrwpr,tydnwiwg,3005
runvcett,ggebbynv,cmhxkmni,jqichepc,uycseiwh,3000
uhswvbwh,jpiuiswr,nwfjuhba,aidxcmrb,szqiiire,3006
cjkrfpbb,ecrekxdo,upvpqnxy,qepegboy,fbifhmwo,3002